INSERT INTO hogwarts.person (id, identification, first_name, last_name, date_of_birth) VALUES (1, '802001', 'ims', 'Gardner', '2001-02-01');
INSERT INTO hogwarts.person (id, identification, first_name, last_name, date_of_birth) VALUES (2, '802002', 'Tamara', 'Horn', '2009-05-04');
INSERT INTO hogwarts.person (id, identification, first_name, last_name, date_of_birth) VALUES (3, '802003', 'Sawyer', 'Cook', '1993-08-15');
INSERT INTO hogwarts.person (id, identification, first_name, last_name, date_of_birth) VALUES (4, '802004', 'Earnestine', 'Saunders', '1982-12-16');
INSERT INTO hogwarts.person (id, identification, first_name, last_name, date_of_birth) VALUES (5, '802005', 'Faulkner', 'Frederick', '1990-09-02');
INSERT INTO hogwarts.person (id, identification, first_name, last_name, date_of_birth) VALUES (6, '802006', 'Gross', 'Richmond', '1978-04-25');
INSERT INTO hogwarts.person (id, identification, first_name, last_name, date_of_birth) VALUES (7, '802007', 'Amber', 'Pickett', '1977-09-06');
INSERT INTO hogwarts.person (id, identification, first_name, last_name, date_of_birth) VALUES (8, '802008', 'Hallie', 'Blackwell', '1976-12-06');
INSERT INTO hogwarts.person (id, identification, first_name, last_name, date_of_birth) VALUES (9, '802009', 'Stone', 'Byrd', '2008-07-03');
INSERT INTO hogwarts.person (id, identification, first_name, last_name, date_of_birth) VALUES (10, '802010', 'Justine', 'Marquez', '1987-09-22');
INSERT INTO hogwarts.person (id, identification, first_name, last_name, date_of_birth) VALUES (11, '802011', 'Dominguez', 'Ross', '2008-08-03');
INSERT INTO hogwarts.person (id, identification, first_name, last_name, date_of_birth) VALUES (12, '802012', 'Alisa', 'Townsend', '1996-09-26');
INSERT INTO hogwarts.person (id, identification, first_name, last_name, date_of_birth) VALUES (13, '802013', 'Boyd', 'Shannon', '2007-10-18');
INSERT INTO hogwarts.person (id, identification, first_name, last_name, date_of_birth) VALUES (14, '802014', 'Woodward', 'Gibbs', '1978-05-25');
INSERT INTO hogwarts.person (id, identification, first_name, last_name, date_of_birth) VALUES (15, '802015', 'Carla', 'Rivers', '2008-01-30');
INSERT INTO hogwarts.person (id, identification, first_name, last_name, date_of_birth) VALUES (16, '802016', 'Collier', 'Santos', '1975-02-23');
INSERT INTO hogwarts.person (id, identification, first_name, last_name, date_of_birth) VALUES (17, '802017', 'Rogers', 'Clemons', '2010-02-11');
INSERT INTO hogwarts.person (id, identification, first_name, last_name, date_of_birth) VALUES (18, '802018', 'Cristina', 'Snyder', '1979-12-07');
INSERT INTO hogwarts.person (id, identification, first_name, last_name, date_of_birth) VALUES (19, '802019', 'Schneider', 'Meyers', '1988-05-27');
INSERT INTO hogwarts.person (id, identification, first_name, last_name, date_of_birth) VALUES (20, '802020', 'Washington', 'Burgess', '2006-01-30');
INSERT INTO hogwarts.person (id, identification, first_name, last_name, date_of_birth) VALUES (21, '802021', 'Lilian', 'Arnold', '2005-03-10');
INSERT INTO hogwarts.person (id, identification, first_name, last_name, date_of_birth) VALUES (22, '802022', 'Miles', 'Rodriguez', '1983-07-31');
INSERT INTO hogwarts.person (id, identification, first_name, last_name, date_of_birth) VALUES (23, '802023', 'Wilkerson', 'Hill', '2007-04-24');
INSERT INTO hogwarts.person (id, identification, first_name, last_name, date_of_birth) VALUES (24, '802024', 'Velez', 'Landry', '2015-02-16');
INSERT INTO hogwarts.person (id, identification, first_name, last_name, date_of_birth) VALUES (25, '802025', 'Nielsen', 'Ashley', '1982-07-04');

INSERT INTO hogwarts.student (id, enrollment_date) VALUES (1, '2001-02-01');
INSERT INTO hogwarts.student (id, enrollment_date) VALUES (2, '2009-05-04');
INSERT INTO hogwarts.student (id, enrollment_date) VALUES (3, '1993-08-15');
INSERT INTO hogwarts.student (id, enrollment_date) VALUES (4, '1982-12-16');
INSERT INTO hogwarts.student (id, enrollment_date) VALUES (5, '1990-09-02');
INSERT INTO hogwarts.student (id, enrollment_date) VALUES (6, '1978-04-25');
INSERT INTO hogwarts.student (id, enrollment_date) VALUES (7, '1977-09-06');
INSERT INTO hogwarts.student (id, enrollment_date) VALUES (8, '1976-12-06');
INSERT INTO hogwarts.student (id, enrollment_date) VALUES (9, '2008-07-03');
INSERT INTO hogwarts.student (id, enrollment_date) VALUES (10, '1987-09-22');
INSERT INTO hogwarts.student (id, enrollment_date) VALUES (11, '2008-08-03');
INSERT INTO hogwarts.student (id, enrollment_date) VALUES (12, '1996-09-26');
INSERT INTO hogwarts.student (id, enrollment_date) VALUES (13, '2007-10-18');
INSERT INTO hogwarts.student (id, enrollment_date) VALUES (14, '1978-05-25');
INSERT INTO hogwarts.student (id, enrollment_date) VALUES (15, '2008-01-30');
INSERT INTO hogwarts.student (id, enrollment_date) VALUES (16, '1975-02-23');
INSERT INTO hogwarts.student (id, enrollment_date) VALUES (17, '2010-02-11');
INSERT INTO hogwarts.student (id, enrollment_date) VALUES (18, '1979-12-07');
INSERT INTO hogwarts.student (id, enrollment_date) VALUES (19, '1988-05-27');
INSERT INTO hogwarts.student (id, enrollment_date) VALUES (20, '2006-01-30');
INSERT INTO hogwarts.student (id, enrollment_date) VALUES (21, '2005-03-10');
INSERT INTO hogwarts.student (id, enrollment_date) VALUES (22, '1983-07-31');
INSERT INTO hogwarts.student (id, enrollment_date) VALUES (23, '2007-04-24');
INSERT INTO hogwarts.student (id, enrollment_date) VALUES (24, '2015-02-16');
INSERT INTO hogwarts.student (id, enrollment_date) VALUES (25, '1982-07-04');

INSERT INTO hogwarts.person (id, identification, first_name, last_name, date_of_birth) VALUES (26, '802026', 'Velazquez', 'Mcbride', '1980-07-02');
INSERT INTO hogwarts.person (id, identification, first_name, last_name, date_of_birth) VALUES (27, '802027', 'Ilene', 'Cohen', '1980-07-02');
INSERT INTO hogwarts.person (id, identification, first_name, last_name, date_of_birth) VALUES (28, '802028', 'Dianna', 'Matthews', '1980-07-02');
INSERT INTO hogwarts.person (id, identification, first_name, last_name, date_of_birth) VALUES (29, '802029', 'Cora', 'Hogan', '1980-07-02');
INSERT INTO hogwarts.person (id, identification, first_name, last_name, date_of_birth) VALUES (30, '802030', 'Head', 'Briggs', '1980-07-02');

INSERT INTO hogwarts.professor (id, type) VALUES (26, 'ADJUNCT');
INSERT INTO hogwarts.professor (id, type) VALUES (27, 'VISITOR');
INSERT INTO hogwarts.professor (id, type) VALUES (28, 'ADJUNCT');
INSERT INTO hogwarts.professor (id, type) VALUES (29, 'ASSOCIATE');
INSERT INTO hogwarts.professor (id, type) VALUES (30, 'VISITOR');

INSERT INTO hogwarts.course (id, name, code, description) VALUES (1, 'Astronomy', 'MAG201', 'Bacon ipsum dolor amet beef ribs leberkas alcatra swine, tri-tip landjaeger kevin t-bone short loin pastrami sirloin. Turkey capicola beef ribs short ribs, pig tail flank ball tip spare ribs sirloin pork chop. Turkey jerky kielbasa, prosciutto boudin meatloaf tri-tip. Drumstick pork chop kielbasa picanha tongue shankle bresaola corned beef pancetta ball tip flank jowl shank. Ribeye meatball pork chop, turkey tenderloin ball tip strip steak corned beef pork loin picanha shoulder drumstick frankfurter filet mignon. Pastrami alcatra filet mignon doner spare ribs jerky cow. Andouille kielbasa corned beef pig, jowl frankfurter pancetta meatball porchetta doner. Beef ribs cupim t-bone drumstick capicola kielbasa tenderloin swine turkey. Ground round pork tongue venison short loin biltong fatback strip steak beef boudin andouille shankle. Boudin jerky bacon, shoulder filet mignon shankle pork chop venison pork shank t-bone kielbasa ham pork loin. Kevin frankfurter tenderloin landjaeger tri-tip.');
INSERT INTO hogwarts.course (id, name, code, description) VALUES (2, 'Charms', 'MAG106', 'Bacon ipsum dolor amet beef ribs leberkas alcatra swine, tri-tip landjaeger kevin t-bone short loin pastrami sirloin. Turkey capicola beef ribs short ribs, pig tail flank ball tip spare ribs sirloin pork chop. Turkey jerky kielbasa, prosciutto boudin meatloaf tri-tip. Drumstick pork chop kielbasa picanha tongue shankle bresaola corned beef pancetta ball tip flank jowl shank. Ribeye meatball pork chop, turkey tenderloin ball tip strip steak corned beef pork loin picanha shoulder drumstick frankfurter filet mignon. Pastrami alcatra filet mignon doner spare ribs jerky cow. Andouille kielbasa corned beef pig, jowl frankfurter pancetta meatball porchetta doner. Beef ribs cupim t-bone drumstick capicola kielbasa tenderloin swine turkey. Ground round pork tongue venison short loin biltong fatback strip steak beef boudin andouille shankle. Boudin jerky bacon, shoulder filet mignon shankle pork chop venison pork shank t-bone kielbasa ham pork loin. Kevin frankfurter tenderloin landjaeger tri-tip.');
INSERT INTO hogwarts.course (id, name, code, description) VALUES (3, 'Dark Arts', 'MAG301', 'Bacon ipsum dolor amet beef ribs leberkas alcatra swine, tri-tip landjaeger kevin t-bone short loin pastrami sirloin. Turkey capicola beef ribs short ribs, pig tail flank ball tip spare ribs sirloin pork chop. Turkey jerky kielbasa, prosciutto boudin meatloaf tri-tip. Drumstick pork chop kielbasa picanha tongue shankle bresaola corned beef pancetta ball tip flank jowl shank. Ribeye meatball pork chop, turkey tenderloin ball tip strip steak corned beef pork loin picanha shoulder drumstick frankfurter filet mignon. Pastrami alcatra filet mignon doner spare ribs jerky cow. Andouille kielbasa corned beef pig, jowl frankfurter pancetta meatball porchetta doner. Beef ribs cupim t-bone drumstick capicola kielbasa tenderloin swine turkey. Ground round pork tongue venison short loin biltong fatback strip steak beef boudin andouille shankle. Boudin jerky bacon, shoulder filet mignon shankle pork chop venison pork shank t-bone kielbasa ham pork loin. Kevin frankfurter tenderloin landjaeger tri-tip.');
INSERT INTO hogwarts.course (id, name, code, description) VALUES (4, 'Herbology', 'MAG104', 'Bacon ipsum dolor amet beef ribs leberkas alcatra swine, tri-tip landjaeger kevin t-bone short loin pastrami sirloin. Turkey capicola beef ribs short ribs, pig tail flank ball tip spare ribs sirloin pork chop. Turkey jerky kielbasa, prosciutto boudin meatloaf tri-tip. Drumstick pork chop kielbasa picanha tongue shankle bresaola corned beef pancetta ball tip flank jowl shank. Ribeye meatball pork chop, turkey tenderloin ball tip strip steak corned beef pork loin picanha shoulder drumstick frankfurter filet mignon. Pastrami alcatra filet mignon doner spare ribs jerky cow. Andouille kielbasa corned beef pig, jowl frankfurter pancetta meatball porchetta doner. Beef ribs cupim t-bone drumstick capicola kielbasa tenderloin swine turkey. Ground round pork tongue venison short loin biltong fatback strip steak beef boudin andouille shankle. Boudin jerky bacon, shoulder filet mignon shankle pork chop venison pork shank t-bone kielbasa ham pork loin. Kevin frankfurter tenderloin landjaeger tri-tip.');
INSERT INTO hogwarts.course (id, name, code, description) VALUES (5, 'History of Magic', 'MAG103', 'Bacon ipsum dolor amet beef ribs leberkas alcatra swine, tri-tip landjaeger kevin t-bone short loin pastrami sirloin. Turkey capicola beef ribs short ribs, pig tail flank ball tip spare ribs sirloin pork chop. Turkey jerky kielbasa, prosciutto boudin meatloaf tri-tip. Drumstick pork chop kielbasa picanha tongue shankle bresaola corned beef pancetta ball tip flank jowl shank. Ribeye meatball pork chop, turkey tenderloin ball tip strip steak corned beef pork loin picanha shoulder drumstick frankfurter filet mignon. Pastrami alcatra filet mignon doner spare ribs jerky cow. Andouille kielbasa corned beef pig, jowl frankfurter pancetta meatball porchetta doner. Beef ribs cupim t-bone drumstick capicola kielbasa tenderloin swine turkey. Ground round pork tongue venison short loin biltong fatback strip steak beef boudin andouille shankle. Boudin jerky bacon, shoulder filet mignon shankle pork chop venison pork shank t-bone kielbasa ham pork loin. Kevin frankfurter tenderloin landjaeger tri-tip.');

INSERT INTO hogwarts.teaches (course_id, professor_id) VALUES (1, 26);
INSERT INTO hogwarts.teaches (course_id, professor_id) VALUES (2, 27);
INSERT INTO hogwarts.teaches (course_id, professor_id) VALUES (3, 28);
INSERT INTO hogwarts.teaches (course_id, professor_id) VALUES (4, 29);
INSERT INTO hogwarts.teaches (course_id, professor_id) VALUES (5, 30);

INSERT INTO hogwarts.enrolled (course_id, student_id) VALUES (1, 1);
INSERT INTO hogwarts.enrolled (course_id, student_id) VALUES (1, 2);
INSERT INTO hogwarts.enrolled (course_id, student_id) VALUES (1, 3);
INSERT INTO hogwarts.enrolled (course_id, student_id) VALUES (1, 4);
INSERT INTO hogwarts.enrolled (course_id, student_id) VALUES (1, 5);
INSERT INTO hogwarts.enrolled (course_id, student_id) VALUES (1, 6);
INSERT INTO hogwarts.enrolled (course_id, student_id) VALUES (1, 7);
INSERT INTO hogwarts.enrolled (course_id, student_id) VALUES (1, 8);
INSERT INTO hogwarts.enrolled (course_id, student_id) VALUES (1, 9);
INSERT INTO hogwarts.enrolled (course_id, student_id) VALUES (1, 10);
INSERT INTO hogwarts.enrolled (course_id, student_id) VALUES (1, 11);
INSERT INTO hogwarts.enrolled (course_id, student_id) VALUES (1, 12);
INSERT INTO hogwarts.enrolled (course_id, student_id) VALUES (1, 13);
INSERT INTO hogwarts.enrolled (course_id, student_id) VALUES (1, 14);
INSERT INTO hogwarts.enrolled (course_id, student_id) VALUES (1, 15);
INSERT INTO hogwarts.enrolled (course_id, student_id) VALUES (1, 16);
INSERT INTO hogwarts.enrolled (course_id, student_id) VALUES (1, 17);
INSERT INTO hogwarts.enrolled (course_id, student_id) VALUES (1, 18);
INSERT INTO hogwarts.enrolled (course_id, student_id) VALUES (1, 19);
INSERT INTO hogwarts.enrolled (course_id, student_id) VALUES (1, 20);
INSERT INTO hogwarts.enrolled (course_id, student_id) VALUES (1, 21);
INSERT INTO hogwarts.enrolled (course_id, student_id) VALUES (1, 22);
INSERT INTO hogwarts.enrolled (course_id, student_id) VALUES (1, 23);
INSERT INTO hogwarts.enrolled (course_id, student_id) VALUES (1, 24);
INSERT INTO hogwarts.enrolled (course_id, student_id) VALUES (1, 25);
INSERT INTO hogwarts.enrolled (course_id, student_id) VALUES (2, 1);
INSERT INTO hogwarts.enrolled (course_id, student_id) VALUES (2, 2);
INSERT INTO hogwarts.enrolled (course_id, student_id) VALUES (2, 3);
INSERT INTO hogwarts.enrolled (course_id, student_id) VALUES (2, 4);
INSERT INTO hogwarts.enrolled (course_id, student_id) VALUES (2, 5);
INSERT INTO hogwarts.enrolled (course_id, student_id) VALUES (2, 6);
INSERT INTO hogwarts.enrolled (course_id, student_id) VALUES (2, 7);
INSERT INTO hogwarts.enrolled (course_id, student_id) VALUES (2, 8);
INSERT INTO hogwarts.enrolled (course_id, student_id) VALUES (2, 9);
INSERT INTO hogwarts.enrolled (course_id, student_id) VALUES (2, 10);
INSERT INTO hogwarts.enrolled (course_id, student_id) VALUES (2, 11);
INSERT INTO hogwarts.enrolled (course_id, student_id) VALUES (2, 12);
INSERT INTO hogwarts.enrolled (course_id, student_id) VALUES (2, 13);
INSERT INTO hogwarts.enrolled (course_id, student_id) VALUES (2, 14);
INSERT INTO hogwarts.enrolled (course_id, student_id) VALUES (2, 15);
INSERT INTO hogwarts.enrolled (course_id, student_id) VALUES (2, 16);
INSERT INTO hogwarts.enrolled (course_id, student_id) VALUES (2, 17);
INSERT INTO hogwarts.enrolled (course_id, student_id) VALUES (2, 18);
INSERT INTO hogwarts.enrolled (course_id, student_id) VALUES (2, 19);
INSERT INTO hogwarts.enrolled (course_id, student_id) VALUES (2, 20);
INSERT INTO hogwarts.enrolled (course_id, student_id) VALUES (2, 21);
INSERT INTO hogwarts.enrolled (course_id, student_id) VALUES (2, 22);
INSERT INTO hogwarts.enrolled (course_id, student_id) VALUES (2, 23);
INSERT INTO hogwarts.enrolled (course_id, student_id) VALUES (2, 24);
INSERT INTO hogwarts.enrolled (course_id, student_id) VALUES (2, 25);
INSERT INTO hogwarts.enrolled (course_id, student_id) VALUES (3, 1);
INSERT INTO hogwarts.enrolled (course_id, student_id) VALUES (3, 2);
INSERT INTO hogwarts.enrolled (course_id, student_id) VALUES (3, 3);
INSERT INTO hogwarts.enrolled (course_id, student_id) VALUES (3, 4);
INSERT INTO hogwarts.enrolled (course_id, student_id) VALUES (3, 5);
INSERT INTO hogwarts.enrolled (course_id, student_id) VALUES (3, 6);
INSERT INTO hogwarts.enrolled (course_id, student_id) VALUES (3, 7);
INSERT INTO hogwarts.enrolled (course_id, student_id) VALUES (3, 8);
INSERT INTO hogwarts.enrolled (course_id, student_id) VALUES (3, 9);
INSERT INTO hogwarts.enrolled (course_id, student_id) VALUES (3, 10);
INSERT INTO hogwarts.enrolled (course_id, student_id) VALUES (3, 11);
INSERT INTO hogwarts.enrolled (course_id, student_id) VALUES (3, 12);
INSERT INTO hogwarts.enrolled (course_id, student_id) VALUES (3, 13);
INSERT INTO hogwarts.enrolled (course_id, student_id) VALUES (3, 14);
INSERT INTO hogwarts.enrolled (course_id, student_id) VALUES (3, 15);
INSERT INTO hogwarts.enrolled (course_id, student_id) VALUES (3, 16);
INSERT INTO hogwarts.enrolled (course_id, student_id) VALUES (3, 17);
INSERT INTO hogwarts.enrolled (course_id, student_id) VALUES (3, 18);
INSERT INTO hogwarts.enrolled (course_id, student_id) VALUES (3, 19);
INSERT INTO hogwarts.enrolled (course_id, student_id) VALUES (3, 20);
INSERT INTO hogwarts.enrolled (course_id, student_id) VALUES (3, 21);
INSERT INTO hogwarts.enrolled (course_id, student_id) VALUES (3, 22);
INSERT INTO hogwarts.enrolled (course_id, student_id) VALUES (3, 23);
INSERT INTO hogwarts.enrolled (course_id, student_id) VALUES (3, 24);
INSERT INTO hogwarts.enrolled (course_id, student_id) VALUES (3, 25);
INSERT INTO hogwarts.enrolled (course_id, student_id) VALUES (4, 1);
INSERT INTO hogwarts.enrolled (course_id, student_id) VALUES (4, 2);
INSERT INTO hogwarts.enrolled (course_id, student_id) VALUES (4, 3);
INSERT INTO hogwarts.enrolled (course_id, student_id) VALUES (4, 4);
INSERT INTO hogwarts.enrolled (course_id, student_id) VALUES (4, 5);
INSERT INTO hogwarts.enrolled (course_id, student_id) VALUES (4, 6);
INSERT INTO hogwarts.enrolled (course_id, student_id) VALUES (4, 7);
INSERT INTO hogwarts.enrolled (course_id, student_id) VALUES (4, 8);
INSERT INTO hogwarts.enrolled (course_id, student_id) VALUES (4, 9);
INSERT INTO hogwarts.enrolled (course_id, student_id) VALUES (4, 10);
INSERT INTO hogwarts.enrolled (course_id, student_id) VALUES (4, 11);
INSERT INTO hogwarts.enrolled (course_id, student_id) VALUES (4, 12);
INSERT INTO hogwarts.enrolled (course_id, student_id) VALUES (4, 13);
INSERT INTO hogwarts.enrolled (course_id, student_id) VALUES (4, 14);
INSERT INTO hogwarts.enrolled (course_id, student_id) VALUES (4, 15);
INSERT INTO hogwarts.enrolled (course_id, student_id) VALUES (4, 16);
INSERT INTO hogwarts.enrolled (course_id, student_id) VALUES (4, 17);
INSERT INTO hogwarts.enrolled (course_id, student_id) VALUES (4, 18);
INSERT INTO hogwarts.enrolled (course_id, student_id) VALUES (4, 19);
INSERT INTO hogwarts.enrolled (course_id, student_id) VALUES (4, 20);
INSERT INTO hogwarts.enrolled (course_id, student_id) VALUES (4, 21);
INSERT INTO hogwarts.enrolled (course_id, student_id) VALUES (4, 22);
INSERT INTO hogwarts.enrolled (course_id, student_id) VALUES (4, 23);
INSERT INTO hogwarts.enrolled (course_id, student_id) VALUES (4, 24);
INSERT INTO hogwarts.enrolled (course_id, student_id) VALUES (4, 25);
INSERT INTO hogwarts.enrolled (course_id, student_id) VALUES (5, 1);
INSERT INTO hogwarts.enrolled (course_id, student_id) VALUES (5, 2);
INSERT INTO hogwarts.enrolled (course_id, student_id) VALUES (5, 3);
INSERT INTO hogwarts.enrolled (course_id, student_id) VALUES (5, 4);
INSERT INTO hogwarts.enrolled (course_id, student_id) VALUES (5, 5);
INSERT INTO hogwarts.enrolled (course_id, student_id) VALUES (5, 6);
INSERT INTO hogwarts.enrolled (course_id, student_id) VALUES (5, 7);
INSERT INTO hogwarts.enrolled (course_id, student_id) VALUES (5, 8);
INSERT INTO hogwarts.enrolled (course_id, student_id) VALUES (5, 9);
INSERT INTO hogwarts.enrolled (course_id, student_id) VALUES (5, 10);
INSERT INTO hogwarts.enrolled (course_id, student_id) VALUES (5, 11);
INSERT INTO hogwarts.enrolled (course_id, student_id) VALUES (5, 12);
INSERT INTO hogwarts.enrolled (course_id, student_id) VALUES (5, 13);
INSERT INTO hogwarts.enrolled (course_id, student_id) VALUES (5, 14);
INSERT INTO hogwarts.enrolled (course_id, student_id) VALUES (5, 15);
INSERT INTO hogwarts.enrolled (course_id, student_id) VALUES (5, 16);
INSERT INTO hogwarts.enrolled (course_id, student_id) VALUES (5, 17);
INSERT INTO hogwarts.enrolled (course_id, student_id) VALUES (5, 18);
INSERT INTO hogwarts.enrolled (course_id, student_id) VALUES (5, 19);
INSERT INTO hogwarts.enrolled (course_id, student_id) VALUES (5, 20);
INSERT INTO hogwarts.enrolled (course_id, student_id) VALUES (5, 21);
INSERT INTO hogwarts.enrolled (course_id, student_id) VALUES (5, 22);
INSERT INTO hogwarts.enrolled (course_id, student_id) VALUES (5, 23);
INSERT INTO hogwarts.enrolled (course_id, student_id) VALUES (5, 24);
INSERT INTO hogwarts.enrolled (course_id, student_id) VALUES (5, 25);